model,n,log_loss,brier,ece
elo,321146,0.6795290450967065,0.24321885973784804,0.01215765497569532
gbdt,321146,0.019256680768819368,0.005748237883056508,0.002245611087303126
mean_ensemble,160589,0.2896611449083779,0.06547457813853641,0.23881341274950857
