view,model,n,log_loss,brier,ece
long,elo,214300,0.6811937992938073,0.2440416444034173,0.015359545610078573
long,gbdt,214300,0.01803266406202858,0.005303796341702674,0.0026373431798395602
wide,elo,107156,0.6811956566187847,0.24404255988160123,0.01536396361698289
wide,gbdt,107156,0.018051054133262613,0.005315185382908086,0.0026938581748452775
wide,mean_ensemble,107156,0.28987418587010627,0.06546883769267987,0.23988832280339611
